target,source,manual,service
/departments/100/,/Agencies/cannabis-control-department-of,0,0
/departments/100/,/agency/?item=department-of-cannabis-control,0,0
/departments/100/services/1281/,/Agencies/cannabis-control-department-of/Agency-Services/applying-for-a-cannabis-license,0,1
/departments/100/services/1281/,/service/?item=applying-for-a-cannabis-license,0,1
/departments/101/,/Agencies/achieving-a-better-life-experience-california,0,0
/departments/101/,/agency/?item=california-achieving-a-better-life-experience,0,0
/departments/101/services/1182/,/Agencies/achieving-a-better-life-experience-california/Agency-Services/calable-visa-prepaid-card,0,1
/departments/101/services/1182/,/service/?item=calable-visa-prepaid-card,0,1
/departments/103/,/Agencies/health-facilities-financing-authority-california,0,0
/departments/103/,/agency/?item=california-health-facilities-financing-authority,0,0
/departments/104/,/Agencies/healthy-food-financing-initiative-council-california,0,0
/departments/104/,/agency/?item=california-healthy-food-financing-initiative-council,0,0
/departments/105/,/Agencies/pollution-control-financing-authority-california,0,0
/departments/105/,/agency/?item=california-pollution-control-financing-authority,0,0
/departments/106/,/Agencies/school-finance-authority-california,0,0
/departments/106/,/agency/?item=california-school-finance-authority,0,0
/departments/107/,/Agencies/tax-credit-allocation-committee-california,0,0
/departments/107/,/agency/?item=california-tax-credit-allocation-committee,0,0
/departments/110/,/Agencies/pooled-money-investment-board,0,0
/departments/110/,/agency/?item=pooled-money-investment-board,0,0
/departments/131/,/Agencies/alcoholic-beverage-control-department-of,0,0
/departments/131/,/agency/?item=department-of-alcoholic-beverage-control,0,0
/departments/131/services/1198/,/Agencies/alcoholic-beverage-control-department-of/Agency-Services/look-up-an-acohol-license,0,1
/departments/131/services/1198/,/service/?item=look-up-an-acohol-license,0,1
/departments/132/,/Agencies/alcoholic-beverage-control-appeals-board,0,0
/departments/132/,/agency/?item=alcoholic-beverage-control-appeals-board,0,0
/departments/133/,/Agencies/aging-department-of,0,0
/departments/133/,/agency/?item=department-of-aging,0,0
/departments/133/services/1254/,/Agencies/aging-department-of/Agency-Services/food-%26-nutrition,0,1
/departments/133/services/1254/,/service/?item=food-%26-nutrition,0,1
/departments/133/services/1255/,/Agencies/aging-department-of/Agency-Services/adult-day-health-centers,0,1
/departments/133/services/1255/,/service/?item=adult-day-health-centers,0,1
/departments/133/services/1256/,/Agencies/aging-department-of/Agency-Services/home-%26-community-services,0,1
/departments/133/services/1256/,/service/?item=home-%26-community-services,0,1
/departments/133/services/1257/,/Agencies/aging-department-of/Agency-Services/family-caregiver-services,0,1
/departments/133/services/1257/,/service/?item=family-caregiver-services,0,1
/departments/133/services/1258/,/Agencies/aging-department-of/Agency-Services/medicare-counseling,0,1
/departments/133/services/1258/,/service/?item=medicare-counseling,0,1
/departments/133/services/1259/,/Agencies/aging-department-of/Agency-Services/legal-services,0,1
/departments/133/services/1259/,/service/?item=legal-services,0,1
/departments/134/,/Agencies/agricultural-labor-relations-board,0,0
/departments/134/,/agency/?item=agricultural-labor-relations-board,0,0
/departments/135/,/Agencies/air-resources-board,0,0
/departments/135/,/agency/?item=air-resources-board,0,0
/departments/135/services/1199/,/Agencies/air-resources-board/Agency-Services/ca-clean-truck-check,0,1
/departments/135/services/1199/,/service/?item=ca-clean-truck-check,0,1
/departments/136/,/Agencies/assembly-california-state,0,0
/departments/136/,/agency/?item=california-state-assembly,0,0
/departments/137/,/Agencies/automotive-repair-bureau-of,0,0
/departments/137/,/agency/?item=bureau-of-automotive-repair,0,0
/departments/137/services/6/,/Agencies/automotive-repair-bureau-of/Agency-Services/find-a-smog-station,0,1
/departments/137/services/6/,/service/?item=find-a-smog-station,0,1
/departments/137/services/7/,/Agencies/automotive-repair-bureau-of/Agency-Services/look-up-auto-repair-dealer-license,0,1
/departments/137/services/7/,/service/?item=look-up-auto-repair-dealer-license,0,1
/departments/138/,/Agencies/san-francisco-bay-conservation-and-development-commission,0,0
/departments/138/,/agency/?item=san-francisco-bay-conservation-and-development-commission,0,0
/departments/138/services/1229/,/Agencies/san-francisco-bay-conservation-and-development-commission/Agency-Services/permits,0,1
/departments/138/services/1229/,/service/?item=permits,0,1
/departments/139/,/Agencies/business-consumer-services-and-housing-agency-california,0,0
/departments/139/,/agency/?item=california-business%2c-consumer-services%2c-and-housing-agency,0,0
/departments/139/services/1175/,/Agencies/business-consumer-services-and-housing-agency-california/Agency-Services/ca-covid-19-rent-relief,0,1
/departments/139/services/1175/,/service/?item=ca-covid-19-rent-relief,0,1
/departments/140/,/Agencies/baldwin-hills-conservancy,0,0
/departments/140/,/agency/?item=baldwin-hills-conservancy,0,0
/departments/141/,/Agencies/equalization-board-of,0,0
/departments/141/,/agency/?item=board-of-equalization,0,0
/departments/142/,/Agencies/pilot-commissioners-for-the-bays-of-san-francisco-san-pablo-and-suisun-board-of,0,0
/departments/142/,/agency/?item=board-of-pilot-commissioners-for-the-bays-of-san-francisco%2c-san-pablo%2c-and-suisun,0,0
/departments/143/,/Agencies/auditor-california-state,0,0
/departments/143/,/agency/?item=california-state-auditor,0,0
/departments/144/,/Agencies/arts-council-california,0,0
/departments/144/,/agency/?item=california-arts-council,0,0
/departments/145/,/Agencies/high-speed-rail-authority,0,0
/departments/145/,/agency/?item=high-speed-rail-authority,0,0
/departments/146/,/Agencies/exposition-and-state-fair-california,0,0
/departments/146/,/agency/?item=california-exposition-and-state-fair,0,0
/departments/147/,/Agencies/forestry-and-fire-protection-california-department-of,0,0
/departments/147/,/agency/?item=california-department-of-forestry-and-fire-protection,0,0
/departments/147/services/1239/,/Agencies/forestry-and-fire-protection-california-department-of/Agency-Services/campfire-permit,0,1
/departments/147/services/1239/,/service/?item=campfire-permit,0,1
/departments/147/services/1240/,/Agencies/forestry-and-fire-protection-california-department-of/Agency-Services/burn-permit,0,1
/departments/147/services/1240/,/service/?item=burn-permit,0,1
/departments/147/services/1241/,/Agencies/forestry-and-fire-protection-california-department-of/Agency-Services/reforestation-resources,0,1
/departments/147/services/1241/,/service/?item=reforestation-resources,0,1
/departments/147/services/1283/,/Agencies/forestry-and-fire-protection-california-department-of/Agency-Services/join-cal-fire,0,1
/departments/147/services/1283/,/service/?item=join-cal-fire,0,1
/departments/147/services/1284/,/Agencies/forestry-and-fire-protection-california-department-of/Agency-Services/cal-fire-grants,0,1
/departments/147/services/1284/,/service/?item=cal-fire-grants,0,1
/departments/147/services/31/,/Agencies/forestry-and-fire-protection-california-department-of/Agency-Services/fire-information,0,1
/departments/147/services/31/,/service/?item=find-fire-information,1,1
/departments/147/services/31/,/service/?item=fire-information,0,1
/departments/148/,/Agencies/emergency-services-governor%27s-office-of,0,0
/departments/148/,/agency/?item=governor%27s-office-of-emergency-services,0,0
/departments/149/,/Agencies/bar-of-california-state,0,0
/departments/149/,/agency/?item=state-bar-of-california,0,0
/departments/150/,/Agencies/environmental-protection-agency,0,0
/departments/150/,/agency/?item=environmental-protection-agency,0,0
/departments/151/,/Agencies/military-department-california,0,0
/departments/151/,/agency/?item=california-military-department,0,0
/departments/152/,/Agencies/housing-finance-agency,0,0
/departments/152/,/agency/?item=housing-finance-agency,0,0
/departments/152/services/1233/,/Agencies/housing-finance-agency/Agency-Services/first-time-homebuyer-programs,0,1
/departments/152/services/1233/,/service/?item=first-time-homebuyer-programs,0,1
/departments/152/services/1262/,/Agencies/housing-finance-agency/Agency-Services/housing-counseling-program,0,1
/departments/152/services/1262/,/service/?item=housing-counseling-program,0,1
/departments/155/,/Agencies/lottery-california-state,0,0
/departments/155/,/agency/?item=california-lottery,1,0
/departments/155/,/agency/?item=california-state-lottery,0,0
/departments/155/services/1269/,/Agencies/lottery-california-state/Agency-Services/claim-a-prize,0,1
/departments/155/services/1269/,/service/?item=claim-a-prize,0,1
/departments/155/services/1271/,/Agencies/lottery-california-state/Agency-Services/who-benefits,0,1
/departments/155/services/1271/,/service/?item=who-benefits,0,1
/departments/155/services/1272/,/Agencies/lottery-california-state/Agency-Services/ca-lottery-mobile-app,0,1
/departments/155/services/1272/,/service/?item=ca-lottery-mobile-app,0,1
/departments/155/services/1274/,/Agencies/lottery-california-state/Agency-Services/2nd-chance,0,1
/departments/155/services/1274/,/service/?item=2nd-chance,0,1
/departments/155/services/1275/,/Agencies/lottery-california-state/Agency-Services/where-to-play,0,1
/departments/155/services/1275/,/service/?item=where-to-play,0,1
/departments/155/services/1276/,/Agencies/lottery-california-state/Agency-Services/district-offices,0,1
/departments/155/services/1276/,/service/?item=district-offices,0,1
/departments/155/services/1277/,/Agencies/lottery-california-state/Agency-Services/become-a-retailer,0,1
/departments/155/services/1277/,/service/?item=become-a-retailer,0,1
/departments/155/services/42/,/Agencies/lottery-california-state/Agency-Services/view-draw-results,0,1
/departments/155/services/42/,/service/?item=look-up-winning-lottery-numbers,1,1
/departments/155/services/42/,/service/?item=view-draw-results,0,1
/departments/156/,/Agencies/public-employees-retirement-system-california,0,0
/departments/156/,/agency/?item=california-public-employees-retirement-system,0,0
/departments/157/,/Agencies/prison-industry-authority,0,0
/departments/157/,/agency/?item=prison-industry-authority,0,0
/departments/158/,/Agencies/resources-recycling-and-recovery-department-of,0,0
/departments/158/,/agency/?item=department-of-resources-recycling-and-recovery,0,0
/departments/158/services/54/,/Agencies/resources-recycling-and-recovery-department-of/Agency-Services/find-recycling-location,0,1
/departments/158/services/54/,/service/?item=find-recycling-location,0,1
/departments/159/,/Agencies/independent-living-council-california-state,0,0
/departments/159/,/agency/?item=california-state-independent-living-council,0,0
/departments/16/,/Agencies/accountancy-california-board-of,0,0
/departments/16/,/agency/?item=california-board-of-accountancy,0,0
/departments/160/,/Agencies/transportation-agency-california-state,0,0
/departments/160/,/agency/?item=california-state-transportation-agency,0,0
/departments/161/,/Agencies/state-teachers-retirement-system-california,0,0
/departments/161/,/agency/?item=california-state-teachers-retirement-system,0,0
/departments/162/,/Agencies/victim-compensation-board-california,0,0
/departments/162/,/agency/?item=california-victim-compensation-board,0,0
/departments/162/services/1169/,/Agencies/victim-compensation-board-california/Agency-Services/apply-for-compensation-for-crime-related-expenses,0,1
/departments/162/services/1169/,/service/?item=apply-for-compensation-for-crime-related-expenses,0,1
/departments/163/,/Agencies/veterans-affairs-department-of,0,0
/departments/163/,/agency/?item=department-of-veterans-affairs,0,0
/departments/163/services/1273/,/Agencies/veterans-affairs-department-of/Agency-Services/apply-to-a-veterans-home,0,1
/departments/163/services/1273/,/service/?item=apply-to-a-veterans-home,0,1
/departments/163/services/64/,/Agencies/veterans-affairs-department-of/Agency-Services/get-a-calvet-home-loan,0,1
/departments/163/services/64/,/service/?item=get-a-calvet-home-loan,0,1
/departments/164/,/Agencies/volunteers-california,0,0
/departments/164/,/agency/?item=california-volunteers,0,0
/departments/165/,/Agencies/biodiversity-council-california,0,0
/departments/165/,/agency/?item=california-biodiversity-council,0,0
/departments/166/,/Agencies/conservation-corps-california,0,0
/departments/166/,/agency/?item=california-conservation-corps,0,0
/departments/167/,/Agencies/community-colleges-california,0,0
/departments/167/,/agency/?item=california-community-colleges,0,0
/departments/167/services/1119/,/Agencies/community-colleges-california/Agency-Services/find-ccc-undocumented-student-resources,0,1
/departments/167/services/1119/,/service/?item=find-ccc-undocumented-student-resources,0,1
/departments/168/,/Agencies/disability-access-california-commission-on,0,0
/departments/168/,/agency/?item=california-commission-on-disability-access,0,0
/departments/169/,/Agencies/aging-california-commission-on,0,0
/departments/169/,/agency/?item=california-commission-on-aging,0,0
/departments/17/,/Agencies/acupuncture-board-california,0,0
/departments/17/,/agency/?item=california-acupuncture-board,0,0
/departments/170/,/Agencies/status-of-women-and-girls-commission-on,0,0
/departments/170/,/agency/?item=commission-on-status-of-women-and-girls,0,0
/departments/171/,/Agencies/corrections-and-rehabilitation-california-department-of,0,0
/departments/171/,/agency/?item=california-department-of-corrections-and-rehabilitation,0,0
/departments/171/services/1188/,/agencies/corrections-rehabilitation-department-of/agency-services/locate-an-inmate,1,1
/departments/171/services/1188/,/Agencies/corrections-and-rehabilitation-california-department-of/Agency-Services/california-incarcerated-records-and-information-search,0,1
/departments/171/services/1188/,/service/?item=california-incarcerated-records-and-information-search,0,1
/departments/171/services/71/,/Agencies/corrections-and-rehabilitation-california-department-of/Agency-Services/facility-locator,0,1
/departments/171/services/71/,/service/?item=facility-locator,0,1
/departments/171/services/72/,/Agencies/corrections-and-rehabilitation-california-department-of/Agency-Services/visitation-scheduling-application,0,1
/departments/171/services/72/,/service/?item=visitation-scheduling-application,0,1
/departments/172/,/Agencies/education-california-department-of,0,0
/departments/172/,/agency/?item=california-department-of-education,0,0
/departments/172/services/1178/,/Agencies/education-california-department-of/Agency-Services/ca-meals-for-kids-app-(android),0,1
/departments/172/services/1178/,/service/?item=ca-meals-for-kids-app-(android),0,1
/departments/172/services/1179/,/Agencies/education-california-department-of/Agency-Services/meals-for-kids-(ios),0,1
/departments/172/services/1179/,/service/?item=meals-for-kids-(ios),0,1
/departments/172/services/17/,/Agencies/education-california-department-of/Agency-Services/find-your-local-school,0,1
/departments/172/services/17/,/service/?item=find-your-local-school,0,1
/departments/172/services/82/,/Agencies/education-california-department-of/Agency-Services/find-nearby-adult-education-programs,0,1
/departments/172/services/82/,/service/?item=find-nearby-adult-education-programs,0,1
/departments/172/services/83/,/Agencies/education-california-department-of/Agency-Services/find-an-esl%2fenglish-class,0,1
/departments/172/services/83/,/service/?item=find-an-esl%2fenglish-class,0,1
/departments/172/services/84/,/Agencies/education-california-department-of/Agency-Services/get-a-high-school-diploma,0,1
/departments/172/services/84/,/service/?item=get-a-high-school-diploma,0,1
/departments/172/services/85/,/Agencies/education-california-department-of/Agency-Services/learn-to-read-and-write,0,1
/departments/172/services/85/,/service/?item=learn-to-read-and-write,0,1
/departments/172/services/86/,/Agencies/education-california-department-of/Agency-Services/find-a-citizenship-class,0,1
/departments/172/services/86/,/service/?item=find-a-citizenship-class,0,1
/departments/173/,/Agencies/food-and-agriculture-department-of,0,0
/departments/173/,/agency/?item=department-of-food-and-agriculture,0,0
/departments/173/services/73/,/Agencies/food-and-agriculture-department-of/Agency-Services/find-a-fair,0,1
/departments/173/services/73/,/service/?item=find-a-fair,0,1
/departments/174/,/Agencies/fish-and-wildlife-department-of,0,0
/departments/174/,/agency/?item=department-of-fish-and-wildlife,0,0
/departments/174/services/28/,/Agencies/fish-and-wildlife-department-of/Agency-Services/find-a-hunter-education-course,0,1
/departments/174/services/28/,/service/?item=find-a-hunter-education-course,0,1
/departments/174/services/29/,/Agencies/fish-and-wildlife-department-of/Agency-Services/get-a-fishing-or-hunting-license,0,1
/departments/174/services/29/,/service/?item=get-a-fishing-license,1,1
/departments/174/services/29/,/service/?item=get-a-fishing-or-hunting-license,0,1
/departments/175/,/Agencies/insurance-department-of,0,0
/departments/175/,/agency/?item=department-of-insurance,0,0
/departments/175/services/1170/,/Agencies/insurance-department-of/Agency-Services/file-a-complaint,0,1
/departments/175/services/1170/,/service/?item=file-a-complaint,0,1
/departments/175/services/1171/,/Agencies/insurance-department-of/Agency-Services/california-low-cost-auto,0,1
/departments/175/services/1171/,/service/?item=california-low-cost-auto,0,1
/departments/175/services/1172/,/Agencies/insurance-department-of/Agency-Services/california-senior-gateway,0,1
/departments/175/services/1172/,/service/?item=california-senior-gateway,0,1
/departments/176/,/Agencies/public-health-california-department-of,0,0
/departments/176/,/agency/?item=california-department-of-public-health,0,0
/departments/176/services/1174/,/Agencies/public-health-california-department-of/Agency-Services/women%2c-infants-and-children-(wic),0,1
/departments/176/services/1174/,/service/?item=women%2c-infants-and-children-(wic),0,1
/departments/176/services/1177/,/Agencies/public-health-california-department-of/Agency-Services/get-digital-vaccine-record,0,1
/departments/176/services/1177/,/service/?item=get-digital-vaccine-record,0,1
/departments/176/services/1210/,/Agencies/public-health-california-department-of/Agency-Services/search-for-personnel-licensing,0,1
/departments/176/services/1210/,/service/?item=search-for-personnel-licensing,0,1
/departments/176/services/51/,/Agencies/public-health-california-department-of/Agency-Services/apply-for-marriage-certificate,0,1
/departments/176/services/51/,/service/?item=apply-for-marriage-certificate,0,1
/departments/176/services/51/,/service/?item=get-a-marriage-license,1,1
/departments/176/services/52/,/Agencies/public-health-california-department-of/Agency-Services/apply-for-birth-certificate,0,1
/departments/176/services/52/,/service/?item=apply-for-birth-certificate,0,1
/departments/176/services/53/,/Agencies/public-health-california-department-of/Agency-Services/apply-for-death-certificate,0,1
/departments/176/services/53/,/service/?item=apply-for-death-certificate,0,1
/departments/177/,/Agencies/pesticide-regulation-department-of,0,0
/departments/177/,/agency/?item=department-of-pesticide-regulation,0,0
/departments/178/,/Agencies/social-services-department-of,0,0
/departments/178/,/agency/?item=department-of-social-services,0,0
/departments/178/services/1116/,/Agencies/social-services-department-of/Agency-Services/get-daca-legal-help,0,1
/departments/178/services/1116/,/service/?item=get-daca-legal-help,0,1
/departments/178/services/1180/,/Agencies/social-services-department-of/Agency-Services/find-e-benefits-in-your-county,0,1
/departments/178/services/1180/,/service/?item=find-e-benefits-in-your-county,0,1
/departments/178/services/1183/,/Agencies/social-services-department-of/Agency-Services/earned-income-tax-credit-(eitc),0,1
/departments/178/services/1183/,/service/?item=earned-income-tax-credit-(eitc),0,1
/departments/178/services/59/,/Agencies/social-services-department-of/Agency-Services/find-foster-care,0,1
/departments/178/services/59/,/service/?item=find-foster-care,0,1
/departments/178/services/60/,/Agencies/social-services-department-of/Agency-Services/food-stamps,0,1
/departments/178/services/60/,/service/?item=apply-for-food-stamps,1,1
/departments/178/services/60/,/service/?item=food-stamps,0,1
/departments/178/services/61/,/Agencies/social-services-department-of/Agency-Services/find-assisted-living,0,1
/departments/178/services/61/,/service/?item=find-assisted-living,0,1
/departments/178/services/62/,/Agencies/social-services-department-of/Agency-Services/find-child-care,0,1
/departments/178/services/62/,/service/?item=find-child-care,0,1
/departments/178/services/79/,/Agencies/social-services-department-of/Agency-Services/get-legal-help,0,1
/departments/178/services/79/,/service/?item=get-legal-help,0,1
/departments/178/services/80/,/Agencies/social-services-department-of/Agency-Services/get-citizenship-services,0,1
/departments/178/services/80/,/service/?item=get-citizenship-services,0,1
/departments/178/services/81/,/Agencies/social-services-department-of/Agency-Services/find-refugee-services,0,1
/departments/178/services/81/,/service/?item=find-refugee-services,0,1
/departments/179/,/Agencies/technology-california-department-of,0,0
/departments/179/,/agency/?item=california-department-of-technology,0,0
/departments/18/,/Agencies/architects-board-california,0,0
/departments/18/,/agency/?item=california-architects-board,0,0
/departments/180/,/Agencies/earthquake-authority-california,0,0
/departments/180/,/agency/?item=california-earthquake-authority,0,0
/departments/180/services/1136/,/Agencies/earthquake-authority-california/Agency-Services/calculate-your-earthquake-insurance-premium,0,1
/departments/180/services/1136/,/service/?item=calculate-your-earthquake-insurance-premium,0,1
/departments/180/services/1141/,/Agencies/earthquake-authority-california/Agency-Services/get-a-premium-discount,0,1
/departments/180/services/1141/,/service/?item=get-a-premium-discount,0,1
/departments/180/services/1143/,/Agencies/earthquake-authority-california/Agency-Services/prepare-your-house,0,1
/departments/180/services/1143/,/service/?item=prepare-your-house,0,1
/departments/180/services/1223/,/Agencies/earthquake-authority-california/Agency-Services/earthquake-warning-in-california,0,1
/departments/180/services/1223/,/service/?item=earthquake-warning-in-california,0,1
/departments/181/,/Agencies/film-commission-california,0,0
/departments/181/,/agency/?item=california-film-commission,0,0
/departments/182/,/Agencies/financing-coordinating-committee-california,0,0
/departments/182/,/agency/?item=california-financing-coordinating-committee,0,0
/departments/183/,/Agencies/health-and-human-services-agency,0,0
/departments/183/,/agency/?item=health-and-human-services-agency,0,0
/departments/183/,/agency/?item=healthcare-and-social-services,1,0
/departments/184/,/Agencies/highway-patrol-california,0,0
/departments/184/,/agency/?item=california-highway-patrol,0,0
/departments/184/services/38/,/Agencies/highway-patrol-california/Agency-Services/locate-current-road-conditions,0,1
/departments/184/services/38/,/service/?item=locate-current-road-conditions,0,1
/departments/185/,/Agencies/horse-racing-board-california,0,0
/departments/185/,/agency/?item=california-horse-racing-board,0,0
/departments/185/services/1144/,/Agencies/horse-racing-board-california/Agency-Services/apply-for-a-horse-racing-license,0,1
/departments/185/services/1144/,/service/?item=apply-for-a-horse-racing-license,0,1
/departments/186/,/Agencies/regenerative-medicine-california-institute-for,0,0
/departments/186/,/agency/?item=california-institute-for-regenerative-medicine,0,0
/departments/187/,/Agencies/judicial-performance-commission-on,0,0
/departments/187/,/agency/?item=commission-on-judicial-performance,0,0
/departments/188/,/Agencies/law-revision-commission-california,0,0
/departments/188/,/agency/?item=california-law-revision-commission,0,0
/departments/189/,/Agencies/coastal-commission-california,0,0
/departments/189/,/agency/?item=california-coastal-commission,0,0
/departments/19/,/Agencies/athletic-commission-california-state,0,0
/departments/19/,/agency/?item=california-state-athletic-commission,0,0
/departments/190/,/Agencies/tahoe-conservancy-california,0,0
/departments/190/,/agency/?item=california-tahoe-conservancy,0,0
/departments/191/,/Agencies/sacramento-san-joaquin-delta-conservancy,0,0
/departments/191/,/agency/?item=sacramento-san-joaquin-delta-conservancy,0,0
/departments/192/,/Agencies/cool-california,0,0
/departments/192/,/agency/?item=cool-california,0,0
/departments/193/,/Agencies/courts-california,0,0
/departments/193/,/agency/?item=california-courts,0,0
/departments/193/services/15/,/Agencies/courts-california/Agency-Services/traffic-tickets,0,1
/departments/193/services/15/,/service/?item=pay-traffic-ticket,1,1
/departments/193/services/15/,/service/?item=traffic-tickets,0,1
/departments/193/services/16/,/Agencies/courts-california/Agency-Services/find-where-to-file-for-divorce,0,1
/departments/193/services/16/,/service/?item=find-where-to-file-for-divorce,0,1
/departments/194/,/Agencies/public-utilities-commission-california,0,0
/departments/194/,/agency/?item=california-public-utilities-commission,0,0
/departments/195/,/Agencies/colorado-river-board-of-california,0,0
/departments/195/,/agency/?item=colorado-river-board-of-california,0,0
/departments/196/,/Agencies/citizens-redistricting-commission,0,0
/departments/196/,/agency/?item=citizens-redistricting-commission,0,0
/departments/198/,/Agencies/student-aid-commission-california,0,0
/departments/198/,/agency/?item=california-student-aid-commission,0,0
/departments/198/services/1095/,/Agencies/student-aid-commission-california/Agency-Services/apply-for-the-california-dream-act,0,1
/departments/198/services/1095/,/service/?item=apply-for-the-california-dream-act,0,1
/departments/198/services/1106/,/Agencies/student-aid-commission-california/Agency-Services/learn-about-applying-for-college,0,1
/departments/198/services/1106/,/service/?item=learn-about-applying-for-college,0,1
/departments/198/services/1107/,/Agencies/student-aid-commission-california/Agency-Services/get-student-financial-aid-information,0,1
/departments/198/services/1107/,/service/?item=get-student-financial-aid-information,0,1
/departments/198/services/1108/,/Agencies/student-aid-commission-california/Agency-Services/attend-a-student-financial-aid-workshop,0,1
/departments/198/services/1108/,/service/?item=attend-a-student-financial-aid-workshop,0,1
/departments/198/services/63/,/Agencies/student-aid-commission-california/Agency-Services/apply-for-a-cal-grant,0,1
/departments/198/services/63/,/service/?item=apply-for-a-cal-grant,0,1
/departments/199/,/Agencies/community-services-and-development-department-of,0,0
/departments/199/,/agency/?item=department-of-community-services-and-development,0,0
/departments/20/,/Agencies/barbering-and-cosmetology-board-of,0,0
/departments/20/,/agency/?item=board-of-barbering-and-cosmetology,0,0
/departments/200/,/Agencies/library-california-state,0,0
/departments/200/,/agency/?item=california-state-library,0,0
/departments/200/services/1101/,/Agencies/library-california-state/Agency-Services/path-to-u.s.-citizenship,0,1
/departments/200/services/1101/,/service/?item=path-to-u.s.-citizenship,0,1
/departments/201/,/Agencies/state-mandates-commission-on,0,0
/departments/201/,/agency/?item=commission-on-state-mandates,0,0
/departments/202/,/Agencies/university-california-state,0,0
/departments/202/,/agency/?item=california-state-university,0,0
/departments/203/,/Agencies/teacher-credentialing-commission-on,0,0
/departments/203/,/agency/?item=commission-on-teacher-credentialing,0,0
/departments/204/,/Agencies/transportation-commission,0,0
/departments/204/,/agency/?item=transportation-commission,0,0
/departments/205/,/Agencies/unemployment-insurance-appeals-board,0,0
/departments/205/,/agency/?item=unemployment-insurance-appeals-board,0,0
/departments/206/,/Agencies/central-valley-flood-protection-board,0,0
/departments/206/,/agency/?item=central-valley-flood-protection-board,0,0
/departments/207/,/Agencies/coachella-valley-mountains-conservancy,0,0
/departments/207/,/agency/?item=coachella-valley-mountains-conservancy,0,0
/departments/208/,/Agencies/workforce-development-board-california,0,0
/departments/208/,/agency/?item=california-workforce-development-board,0,0
/departments/208/,/agency/?item=workforce-development-board%2C-california,1,0
/departments/208/services/1098/,/Agencies/workforce-development-board-california/Agency-Services/enroll-your-kids-in-technology-programs,0,1
/departments/208/services/1098/,/service/?item=enroll-your-kids-in-technology-programs,0,1
/departments/208/services/1099/,/Agencies/workforce-development-board-california/Agency-Services/learn-about-jobs-for-foreign-born-professionals,0,1
/departments/208/services/1099/,/service/?item=learn-about-jobs-for-foreign-born-professionals,0,1
/departments/208/services/1110/,/Agencies/workforce-development-board-california/Agency-Services/get-job-training-in-san-diego,0,1
/departments/208/services/1110/,/service/?item=get-job-training-in-san-diego,0,1
/departments/208/services/1110/,/service/?item=job-training-in-san-diego,1,1
/departments/208/services/1111/,/Agencies/workforce-development-board-california/Agency-Services/get-job-training-in-orange-county,0,1
/departments/208/services/1111/,/service/?item=get-job-training-in-orange-county,0,1
/departments/208/services/1111/,/service/?item=job-training-in-orange-county,1,1
/departments/208/services/1112/,/Agencies/workforce-development-board-california/Agency-Services/get-job-training-in-long-beach,0,1
/departments/208/services/1112/,/service/?item=get-job-training-in-long-beach,0,1
/departments/208/services/1112/,/service/?item=job-training-in-long-beach,1,1
/departments/208/services/1113/,/Agencies/workforce-development-board-california/Agency-Services/get-job-training-in-madera%2ffresno,0,1
/departments/208/services/1113/,/service/?item=get-job-training-in-madera%2ffresno,0,1
/departments/208/services/1113/,/service/?item=job-training-in-madera,1,1
/departments/208/services/1114/,/Agencies/workforce-development-board-california/Agency-Services/get-job-training-in-sacramento,0,1
/departments/208/services/1114/,/service/?item=get-job-training-in-sacramento,0,1
/departments/208/services/1114/,/service/?item=job-training-in-sacramento,1,1
/departments/209/,/Agencies/financial-protection-and-innovation-department-of,0,0
/departments/209/,/agency/?item=department-of-financial-protection-and-innovation,0,0
/departments/21/,/Agencies/behavioral-sciences-board-of,0,0
/departments/21/,/agency/?item=board-of-behavioral-sciences,0,0
/departments/210/,/Agencies/consumer-affairs-department-of,0,0
/departments/210/,/agency/?item=department-of-consumer-affairs,0,0
/departments/210/services/1133/,/Agencies/consumer-affairs-department-of/Agency-Services/find-a-consumer-affairs-license,0,1
/departments/210/services/1133/,/service/?item=find-a-consumer-affairs-license,0,1
/departments/210/services/1134/,/Agencies/consumer-affairs-department-of/Agency-Services/file-complaint-against-professional-or-business,0,1
/departments/210/services/1134/,/service/?item=file-complaint-against-professional-or-business,0,1
/departments/210/services/1135/,/Agencies/consumer-affairs-department-of/Agency-Services/renew-a-consumer-affairs-license,0,1
/departments/210/services/1135/,/service/?item=renew-a-consumer-affairs-license,0,1
/departments/211/,/Agencies/child-support-services-department-of,0,0
/departments/211/,/agency/?item=department-of-child-support-services,0,0
/departments/211/services/1203/,/Agencies/child-support-services-department-of/Agency-Services/access-self-service-website,0,1
/departments/211/services/1203/,/service/?item=access-self-service-website,0,1
/departments/211/services/1214/,/Agencies/child-support-services-department-of/Agency-Services/child-support-payments,0,1
/departments/211/services/1214/,/service/?item=child-support-payments,0,1
/departments/211/services/8/,/Agencies/child-support-services-department-of/Agency-Services/enroll-in-child-support,0,1
/departments/211/services/8/,/service/?item=apply-for-child-support,1,1
/departments/211/services/8/,/service/?item=enroll-in-child-support,0,1
/departments/211/services/9/,/Agencies/child-support-services-department-of/Agency-Services/calculate-child-support,0,1
/departments/211/services/9/,/service/?item=calculate-child-support,0,1
/departments/212/,/Agencies/developmental-services-department-of,0,0
/departments/212/,/agency/?item=department-of-developmental-services,0,0
/departments/212/services/1264/,/Agencies/developmental-services-department-of/Agency-Services/early-intervention-services,0,1
/departments/212/services/1264/,/service/?item=early-intervention-services,0,1
/departments/213/,/Agencies/delta-protection-commission,0,0
/departments/213/,/agency/?item=delta-protection-commission,0,0
/departments/214/,/Agencies/delta-stewardship-council,0,0
/departments/214/,/agency/?item=delta-stewardship-council,0,0
/departments/215/,/Agencies/civil-rights-department,0,0
/departments/215/,/agency/?item=civil-rights-department,0,0
/departments/215/services/1192/,/Agencies/civil-rights-department/Agency-Services/report-a-hate-incident,0,1
/departments/215/services/1192/,/service/?item=report-a-hate-incident,0,1
/departments/215/services/1201/,/Agencies/civil-rights-department/Agency-Services/sexual-harassment-prevention-training,0,1
/departments/215/services/1201/,/service/?item=sexual-harassment-prevention-training,0,1
/departments/215/services/27/,/Agencies/civil-rights-department/Agency-Services/file-discrimination-complaint,0,1
/departments/215/services/27/,/service/?item=file-discrimination-complaint,0,1
/departments/216/,/Agencies/general-services-department-of,0,0
/departments/216/,/agency/?item=department-of-general-services,0,0
/departments/216/services/1149/,/Agencies/general-services-department-of/Agency-Services/procurement,0,1
/departments/216/services/1149/,/service/?item=procurement,0,1
/departments/216/services/1152/,/Agencies/general-services-department-of/Agency-Services/administrative-hearings,0,1
/departments/216/services/1152/,/service/?item=administrative-hearings,0,1
/departments/216/services/1155/,/Agencies/general-services-department-of/Agency-Services/design-and-construction-oversight-for-schools,0,1
/departments/216/services/1155/,/service/?item=design-and-construction-oversight-for-schools,0,1
/departments/216/services/1156/,/Agencies/general-services-department-of/Agency-Services/funding-for-school-construction,0,1
/departments/216/services/1156/,/service/?item=funding-for-school-construction,0,1
/departments/216/services/1157/,/Agencies/general-services-department-of/Agency-Services/fleet-and-asset-management,0,1
/departments/216/services/1157/,/service/?item=fleet-and-asset-management,0,1
/departments/216/services/1158/,/Agencies/general-services-department-of/Agency-Services/risk-and-insurance-management,0,1
/departments/216/services/1158/,/service/?item=risk-and-insurance-management,0,1
/departments/216/services/1159/,/Agencies/general-services-department-of/Agency-Services/disability-access,0,1
/departments/216/services/1159/,/service/?item=disability-access,0,1
/departments/216/services/1162/,/Agencies/general-services-department-of/Agency-Services/business-and-acquisition,0,1
/departments/216/services/1162/,/service/?item=business-and-acquisition,0,1
/departments/216/services/1164/,/Agencies/general-services-department-of/Agency-Services/human-resources,0,1
/departments/216/services/1164/,/service/?item=human-resources,0,1
/departments/217/,/Agencies/health-care-services-department-of,0,0
/departments/217/,/agency/?item=department-of-health-care-services,0,0
/departments/217/services/1120/,/Agencies/health-care-services-department-of/Agency-Services/find-substance-use-disorder-services,0,1
/departments/217/services/1120/,/service/?item=find-substance-use-disorder-services,0,1
/departments/217/services/1209/,/Agencies/health-care-services-department-of/Agency-Services/find-a-dentist,0,1
/departments/217/services/1209/,/service/?item=find-a-dentist,0,1
/departments/217/services/1235/,/Agencies/health-care-services-department-of/Agency-Services/youth-behavioral-health,0,1
/departments/217/services/1235/,/service/?item=youth-behavioral-health,0,1
/departments/217/services/1236/,/Agencies/health-care-services-department-of/Agency-Services/access-care,0,1
/departments/217/services/1236/,/service/?item=access-care,0,1
/departments/217/services/1237/,/Agencies/health-care-services-department-of/Agency-Services/medi-cal-benefits,0,1
/departments/217/services/1237/,/service/?item=medi-cal-benefits,0,1
/departments/217/services/36/,/Agencies/health-care-services-department-of/Agency-Services/behavioral-health,0,1
/departments/217/services/36/,/service/?item=behavioral-health,0,1
/departments/217/services/37/,/Agencies/health-care-services-department-of/Agency-Services/apply-for-medi-cal,0,1
/departments/217/services/37/,/service/?item=apply-for-medi-cal,0,1
/departments/219/,/Agencies/managed-health-care-department-of,0,0
/departments/219/,/agency/?item=department-of-managed-health-care,0,0
/departments/219/services/1129/,/Agencies/managed-health-care-department-of/Agency-Services/submit-an-imr%2fcomplaint-form,0,1
/departments/219/services/1129/,/service/?item=submit-an-imr%2fcomplaint-form,0,1
/departments/22/,/Agencies/chiropractic-examiners-board-of,0,0
/departments/22/,/agency/?item=board-of-chiropractic-examiners,0,0
/departments/220/,/Agencies/motor-vehicles-department-of,0,0
/departments/220/,/agency/?item=department-of-motor-vehicles,0,0
/departments/220/services/1121/,/Agencies/motor-vehicles-department-of/Agency-Services/learn-more-about-dmv-for-daca,0,1
/departments/220/services/1121/,/service/?item=learn-more-about-dmv-for-daca,0,1
/departments/220/services/1194/,/Agencies/motor-vehicles-department-of/Agency-Services/apply-for-a-real-id%2fdl,0,1
/departments/220/services/1194/,/service/?item=apply-for-a-real-id%2fdl,0,1
/departments/220/services/1197/,/Agencies/motor-vehicles-department-of/Agency-Services/get-your-vehicle-registration-status,0,1
/departments/220/services/1197/,/service/?item=get-your-vehicle-registration-status,0,1
/departments/220/services/1200/,/Agencies/motor-vehicles-department-of/Agency-Services/replacement-driver%e2%80%99s-license-request,0,1
/departments/220/services/1200/,/service/?item=replacement-driver%e2%80%99s-license-request,0,1
/departments/220/services/1202/,/Agencies/motor-vehicles-department-of/Agency-Services/dmv-paperless-notices,0,1
/departments/220/services/1202/,/service/?item=dmv-paperless-notices,0,1
/departments/220/services/1211/,/Agencies/motor-vehicles-department-of/Agency-Services/report-an-issue-or-complaint,0,1
/departments/220/services/1211/,/service/?item=report-an-issue-or-complaint,0,1
/departments/220/services/1215/,/Agencies/motor-vehicles-department-of/Agency-Services/online-appointment-scheduler,0,1
/departments/220/services/1215/,/service/?item=online-appointment-scheduler,0,1
/departments/220/services/1217/,/Agencies/motor-vehicles-department-of/Agency-Services/transfer-title,0,1
/departments/220/services/1217/,/service/?item=transfer-title,0,1
/departments/220/services/1218/,/Agencies/motor-vehicles-department-of/Agency-Services/request-vehicle-record,0,1
/departments/220/services/1218/,/service/?item=request-vehicle-record,0,1
/departments/220/services/1219/,/Agencies/motor-vehicles-department-of/Agency-Services/mobile-driver-license-(dmv-wallet),0,1
/departments/220/services/1219/,/service/?item=mobile-driver-license-(dmv-wallet),0,1
/departments/220/services/1220/,/Agencies/motor-vehicles-department-of/Agency-Services/view-driver%27s-handbooks,0,1
/departments/220/services/1220/,/service/?item=view-driver%27s-handbooks,0,1
/departments/220/services/1221/,/Agencies/motor-vehicles-department-of/Agency-Services/fee-calculator,0,1
/departments/220/services/1221/,/service/?item=fee-calculator,0,1
/departments/220/services/1222/,/Agencies/motor-vehicles-department-of/Agency-Services/new-registration-for-your-vehicle,0,1
/departments/220/services/1222/,/service/?item=new-registration-for-your-vehicle,0,1
/departments/220/services/1225/,/Agencies/motor-vehicles-department-of/Agency-Services/find-a-dmv-form,0,1
/departments/220/services/1225/,/service/?item=find-a-dmv-form,0,1
/departments/220/services/43/,/Agencies/motor-vehicles-department-of/Agency-Services/release-of-liability,0,1
/departments/220/services/43/,/service/?item=release-of-liability,0,1
/departments/220/services/44/,/Agencies/motor-vehicles-department-of/Agency-Services/renew-driver%e2%80%99s-license-or-id-card,0,1
/departments/220/services/44/,/service/?item=renew-driver-license,1,1
/departments/220/services/44/,/service/?item=renew-driver%e2%80%99s-license-or-id-card,0,1
/departments/220/services/45/,/Agencies/motor-vehicles-department-of/Agency-Services/renew-your-vehicle-registration,0,1
/departments/220/services/45/,/service/?item=renew-your-vehicle-registration,0,1
/departments/220/services/46/,/Agencies/motor-vehicles-department-of/Agency-Services/find-a-traffic-school,0,1
/departments/220/services/46/,/service/?item=find-a-traffic-school,0,1
/departments/220/services/47/,/Agencies/motor-vehicles-department-of/Agency-Services/change-home-address,0,1
/departments/220/services/47/,/service/?item=change-home-address,0,1
/departments/220/services/48/,/Agencies/motor-vehicles-department-of/Agency-Services/change-your-name-or-gender,0,1
/departments/220/services/48/,/service/?item=change-name-on-id-card,1,1
/departments/220/services/48/,/service/?item=change-your-name-or-gender,0,1
/departments/221/,/Agencies/conservation-department-of,0,0
/departments/221/,/agency/?item=department-of-conservation,0,0
/departments/222/,/Agencies/finance-department-of,0,0
/departments/222/,/agency/?item=department-of-finance,0,0
/departments/223/,/Agencies/justice-department-of,0,0
/departments/223/,/agency/?item=department-of-justice,0,0
/departments/223/services/1132/,/Agencies/justice-department-of/Agency-Services/search-for-registered-sex-offenders,0,1
/departments/223/services/1132/,/service/?item=search-for-registered-sex-offenders,0,1
/departments/223/services/40/,/Agencies/justice-department-of/Agency-Services/look-up-crime-statistics,0,1
/departments/223/services/40/,/service/?item=look-up-crime-statistics,0,1
/departments/224/,/Agencies/rehabilitation-department-of,0,0
/departments/224/,/agency/?item=department-of-rehabilitation,0,0
/departments/224/services/1238/,/Agencies/rehabilitation-department-of/Agency-Services/employment%2c-education-and-training-services,0,1
/departments/224/services/1238/,/service/?item=employment%2c-education-and-training-services,0,1
/departments/224/services/1243/,/Agencies/rehabilitation-department-of/Agency-Services/student-services,0,1
/departments/224/services/1243/,/service/?item=student-services,0,1
/departments/224/services/1244/,/Agencies/rehabilitation-department-of/Agency-Services/community-living-services,0,1
/departments/224/services/1244/,/service/?item=community-living-services,0,1
/departments/224/services/1245/,/Agencies/rehabilitation-department-of/Agency-Services/blind-field-services,0,1
/departments/224/services/1245/,/service/?item=blind-field-services,0,1
/departments/225/,/Agencies/transportation-department-of,0,0
/departments/225/,/agency/?item=department-of-transportation,0,0
/departments/226/,/Agencies/state-hospitals-department-of,0,0
/departments/226/,/agency/?item=department-of-state-hospitals,0,0
/departments/227/,/Agencies/toxic-substances-control-department-of,0,0
/departments/227/,/agency/?item=department-of-toxic-substances-control,0,0
/departments/227/services/1205/,/Agencies/toxic-substances-control-department-of/Agency-Services/hazardous-waste-tracking-system,0,1
/departments/227/services/1205/,/service/?item=hazardous-waste-tracking-system,0,1
/departments/227/services/1250/,/Agencies/toxic-substances-control-department-of/Agency-Services/evq---electronic-verification-questionnaire,0,1
/departments/227/services/1250/,/service/?item=evq---electronic-verification-questionnaire,0,1
/departments/227/services/1251/,/Agencies/toxic-substances-control-department-of/Agency-Services/regulatory-assistance-office,0,1
/departments/227/services/1251/,/service/?item=regulatory-assistance-office,0,1
/departments/228/,/Agencies/water-resources-department-of,0,0
/departments/228/,/agency/?item=department-of-water-resources,0,0
/departments/228/services/1253/,/Agencies/water-resources-department-of/Agency-Services/california-water-watch,0,1
/departments/228/services/1253/,/service/?item=california-water-watch,0,1
/departments/228/services/1263/,/Agencies/water-resources-department-of/Agency-Services/save-our-water,0,1
/departments/228/services/1263/,/service/?item=save-our-water,0,1
/departments/229/,/Agencies/employment-development-department,0,0
/departments/229/,/agency/?item=employment-development-department,0,0
/departments/229/services/1186/,/Agencies/employment-development-department/Agency-Services/edd-payroll-taxes,0,1
/departments/229/services/1186/,/service/?item=edd-payroll-taxes,0,1
/departments/229/services/1193/,/Agencies/employment-development-department/Agency-Services/enroll-in-employer-services,0,1
/departments/229/services/1193/,/service/?item=enroll-in-employer-services,0,1
/departments/229/services/1196/,/Agencies/employment-development-department/Agency-Services/get-your-ui-claim-status,0,1
/departments/229/services/1196/,/service/?item=get-your-ui-claim-status,0,1
/departments/229/services/1216/,/Agencies/employment-development-department/Agency-Services/find-a-field-office,0,1
/departments/229/services/1216/,/service/?item=find-a-field-office,0,1
/departments/229/services/1226/,/Agencies/employment-development-department/Agency-Services/calculate-your-unemployment-insurance,0,1
/departments/229/services/1226/,/service/?item=calculate-your-unemployment-insurance,0,1
/departments/229/services/1228/,/Agencies/employment-development-department/Agency-Services/certify-for-unemployment,0,1
/departments/229/services/1228/,/service/?item=certify-for-unemployment,0,1
/departments/229/services/18/,/Agencies/employment-development-department/Agency-Services/file-for-disability,0,1
/departments/229/services/18/,/service/?item=file-for-disability,0,1
/departments/229/services/19/,/Agencies/employment-development-department/Agency-Services/file-for-paid-family-leave,0,1
/departments/229/services/19/,/service/?item=file-for-paid-family-leave,0,1
/departments/229/services/20/,/Agencies/employment-development-department/Agency-Services/file-for-unemployment,0,1
/departments/229/services/20/,/service/?item=file-for-unemployment,0,1
/departments/229/services/21/,/Agencies/employment-development-department/Agency-Services/manage-your-unemployment-insurance-claim,0,1
/departments/229/services/21/,/service/?item=manage-your-unemployment-insurance-claim,0,1
/departments/229/services/22/,/Agencies/employment-development-department/Agency-Services/find-a-job,0,1
/departments/229/services/22/,/service/?item=find-a-job,0,1
/departments/229/services/23/,/Agencies/employment-development-department/Agency-Services/honor-a-hero%2c-hire-a-vet,0,1
/departments/229/services/23/,/service/?item=honor-a-hero%2c-hire-a-vet,0,1
/departments/23/,/Agencies/court-reporters-board-of-california,0,0
/departments/23/,/agency/?item=court-reporters-board-of-california,0,0
/departments/230/,/Agencies/emergency-medical-services-authority,0,0
/departments/230/,/agency/?item=emergency-medical-services-authority,0,0
/departments/231/,/Agencies/energy-commission-california,0,0
/departments/231/,/agency/?item=california-energy-commission,0,0
/departments/232/,/Agencies/employment-training-panel,0,0
/departments/232/,/agency/?item=employment-training-panel,0,0
/departments/233/,/Agencies/fish-and-game-commission,0,0
/departments/233/,/agency/?item=fish-and-game-commission,0,0
/departments/234/,/Agencies/first-5-california,0,0
/departments/234/,/agency/?item=first-5-california,0,0
/departments/235/,/Agencies/fair-political-practices-commission,0,0
/departments/235/,/agency/?item=fair-political-practices-commission,0,0
/departments/236/,/Agencies/franchise-tax-board,0,0
/departments/236/,/agency/?item=franchise-tax-board,0,0
/departments/236/services/1166/,/Agencies/franchise-tax-board/Agency-Services/make-a-payment,0,1
/departments/236/services/1166/,/service/?item=make-a-payment,0,1
/departments/236/services/1167/,/Agencies/franchise-tax-board/Agency-Services/caleitc-is-bigger-and-better,0,1
/departments/236/services/1167/,/service/?item=caleitc-is-bigger-and-better,0,1
/departments/236/services/1168/,/Agencies/franchise-tax-board/Agency-Services/calfile---file-return-for-free,0,1
/departments/236/services/1168/,/service/?item=calfile---file-return-for-free,0,1
/departments/236/services/1181/,/Agencies/franchise-tax-board/Agency-Services/volunteer-income-tax-assistance-(vita),0,1
/departments/236/services/1181/,/service/?item=volunteer-income-tax-assistance-(vita),0,1
/departments/236/services/1204/,/Agencies/franchise-tax-board/Agency-Services/create-a-myftb-account,0,1
/departments/236/services/1204/,/service/?item=create-a-myftb-account,0,1
/departments/236/services/1212/,/Agencies/franchise-tax-board/Agency-Services/view-forms-and-publications,0,1
/departments/236/services/1212/,/service/?item=view-forms-and-publications,0,1
/departments/236/services/1227/,/Agencies/franchise-tax-board/Agency-Services/file-state-taxes,0,1
/departments/236/services/1227/,/service/?item=file-state-taxes,0,1
/departments/236/services/33/,/Agencies/franchise-tax-board/Agency-Services/check-your-refund-status,0,1
/departments/236/services/33/,/service/?item=check-your-refund-status,0,1
/departments/237/,/Agencies/business-and-economic-development-governor%27s-office-of,0,0
/departments/237/,/agency/?item=governor%25E2%2580%2599s-office-of-business-and-economic-development,1,0
/departments/237/,/agency/?item=governor%27s-office-of-business-and-economic-development,0,0
/departments/237/,/agency/?item=governor%e2%80%99s-office-of-business-and-economic-development,1,0
/departments/237/,/service/?item=get-a-custom-business-report,1,0
/departments/237/services/1126/,/Agencies/business-and-economic-development-governor%27s-office-of/Agency-Services/business-incentives,0,1
/departments/237/services/1126/,/service/?item=business-incentives,0,1
/departments/237/services/1127/,/Agencies/business-and-economic-development-governor%27s-office-of/Agency-Services/get-permit-assistance,0,1
/departments/237/services/1127/,/service/?item=get-permit-assistance,0,1
/departments/237/services/1128/,/Agencies/business-and-economic-development-governor%27s-office-of/Agency-Services/community-%26-place-based-data-tool,0,1
/departments/237/services/1128/,/service/?item=community-%26-place-based-data-tool,0,1
/departments/237/services/1184/,/Agencies/business-and-economic-development-governor%27s-office-of/Agency-Services/small-business-assistance-centers,0,1
/departments/237/services/1184/,/service/?item=small-business-assistance-centers,0,1
/departments/237/services/77/,/Agencies/business-and-economic-development-governor%27s-office-of/Agency-Services/find-business-resources,0,1
/departments/237/services/77/,/service/?item=find-business-resources,0,1
/departments/238/,/Agencies/governor-office-of-the,0,0
/departments/238/,/agency/?item=office-of-the-governor,0,0
/departments/238/services/1115/,/Agencies/governor-office-of-the/Agency-Services/get-updates-on-daca,0,1
/departments/238/services/1115/,/service/?item=get-updates-on-daca,0,1
/departments/238/services/1122/,/Agencies/governor-office-of-the/Agency-Services/get-disaster-relief-assistance,0,1
/departments/238/services/1122/,/service/?item=get-disaster-relief-assistance,0,1
/departments/239/,/Agencies/government-operations-agency,0,0
/departments/239/,/agency/?item=government-operations-agency,0,0
/departments/239/services/1148/,/Agencies/government-operations-agency/Agency-Services/california-census-2020,0,1
/departments/239/services/1148/,/service/?item=california-census-2020,0,1
/departments/239/services/1173/,/Agencies/government-operations-agency/Agency-Services/get-covid-19-information-and-help,0,1
/departments/239/services/1173/,/service/?item=get-covid-19-information-and-help,0,1
/departments/24/,/Agencies/dental-board-of-california,0,0
/departments/24/,/agency/?item=dental-board-of-california,0,0
/departments/240/,/Agencies/health-benefit-exchange-california,0,0
/departments/240/,/agency/?item=california-health-benefit-exchange,0,0
/departments/240/services/74/,/Agencies/health-benefit-exchange-california/Agency-Services/apply-for-medical-insurance,0,1
/departments/240/services/74/,/service/?item=apply-for-medical-insurance,0,1
/departments/241/,/Agencies/housing-and-community-development-department-of,0,0
/departments/241/,/agency/?item=department-of-housing-and-community-development,0,0
/departments/242/,/Agencies/infrastructure-and-economic-development-bank-(i-bank),0,0
/departments/242/,/agency/?item=infrastructure-and-economic-development-bank-(i-bank),0,0
/departments/243/,/Agencies/legislative-analyst%27s-office,0,0
/departments/243/,/agency/?item=legislative-analyst%2527s-office,1,0
/departments/243/,/agency/?item=legislative-analyst%27s-office,0,0
/departments/244/,/Agencies/legislature-california-state,0,0
/departments/244/,/agency/?item=california-state-legislature,0,0
/departments/244/services/41/,/Agencies/legislature-california-state/Agency-Services/look-up-a-bill-or-law,0,1
/departments/244/services/41/,/service/?item=look-up-a-bill-or-law,0,1
/departments/245/,/Agencies/little-hoover-commission,0,0
/departments/245/,/agency/?item=little-hoover-commission,0,0
/departments/246/,/Agencies/lieutenant-governor-office-of,0,0
/departments/246/,/agency/?item=office-of-lieutenant-governor,0,0
/departments/247/,/Agencies/labor-and-workforce-development-agency,0,0
/departments/247/,/agency/?item=labor-and-workforce-development-agency,0,0
/departments/247/services/1117/,/Agencies/labor-and-workforce-development-agency/Agency-Services/get-daca-info-about-worker%27s-rights,0,1
/departments/247/services/1117/,/service/?item=get-daca-info-about-worker%27s-rights,0,1
/departments/248/,/Agencies/mental-health-services-oversight-and-accountability-commission,0,0
/departments/248/,/agency/?item=mental-health-services-oversight-and-accountability-commission,0,0
/departments/249/,/Agencies/native-american-heritage-commission,0,0
/departments/249/,/agency/?item=native-american-heritage-commission,0,0
/departments/25/,/Agencies/dental-hygiene-board-of-california,0,0
/departments/25/,/agency/?item=dental-hygiene-board-of-california,0,0
/departments/250/,/Agencies/administrative-law-office-of,0,0
/departments/250/,/agency/?item=office-of-administrative-law,0,0
/departments/251/,/Agencies/environmental-health-hazard-assessment-office-of,0,0
/departments/251/,/agency/?item=office-of-environmental-health-hazard-assessment,0,0
/departments/251/services/1142/,/Agencies/environmental-health-hazard-assessment-office-of/Agency-Services/find-harmful-chemical-warnings,0,1
/departments/251/services/1142/,/service/?item=find-harmful-chemical-warnings,0,1
/departments/251/services/1266/,/Agencies/environmental-health-hazard-assessment-office-of/Agency-Services/health-effects-of-pesticides,0,1
/departments/251/services/1266/,/service/?item=health-effects-of-pesticides,0,1
/departments/251/services/1267/,/Agencies/environmental-health-hazard-assessment-office-of/Agency-Services/public-health-goals,0,1
/departments/251/services/1267/,/service/?item=public-health-goals,0,1
/departments/251/services/1268/,/Agencies/environmental-health-hazard-assessment-office-of/Agency-Services/indicators-of-climate-change-in-california,0,1
/departments/251/services/1268/,/service/?item=indicators-of-climate-change-in-california,0,1
/departments/251/services/1270/,/Agencies/environmental-health-hazard-assessment-office-of/Agency-Services/children%27s-environmental-health-guidance,0,1
/departments/251/services/1270/,/service/?item=children%27s-environmental-health-guidance,0,1
/departments/251/services/1287/,/Agencies/environmental-health-hazard-assessment-office-of/Agency-Services/calheatscore,0,1
/departments/251/services/1287/,/service/?item=calheatscore,0,1
/departments/252/,/Agencies/inspector-general-office-of-the,0,0
/departments/252/,/agency/?item=office-of-the-inspector-general,0,0
/departments/253/,/Agencies/patient-advocate-office-of-the,0,0
/departments/253/,/agency/?item=office-of-the-patient-advocate,0,0
/departments/254/,/Agencies/ocean-protection-council,0,0
/departments/254/,/agency/?item=ocean-protection-council,0,0
/departments/255/,/Agencies/planning-and-research-governor%27s-office-of,0,0
/departments/255/,/agency/?item=governor%27s-office-of-planning-and-research,0,0
/departments/256/,/Agencies/health-care-access-and-information-department-of,0,0
/departments/256/,/agency/?item=department-of-health-care-access-and-information,0,0
/departments/256/services/1137/,/Agencies/health-care-access-and-information-department-of/Agency-Services/start-a-building-safety-project,0,1
/departments/256/services/1137/,/service/?item=start-a-building-safety-project,0,1
/departments/256/services/1138/,/Agencies/health-care-access-and-information-department-of/Agency-Services/apply-for-loan-repayments%2c-scholarships%2c-grants,0,1
/departments/256/services/1138/,/service/?item=apply-for-loan-repayments%2c-scholarships%2c-grants,0,1
/departments/256/services/1139/,/Agencies/health-care-access-and-information-department-of/Agency-Services/get-workforce-capacity-education-and-training,0,1
/departments/256/services/1139/,/service/?item=get-workforce-capacity-education-and-training,0,1
/departments/256/services/1140/,/Agencies/health-care-access-and-information-department-of/Agency-Services/find-healthcare-data-and-reports,0,1
/departments/256/services/1140/,/service/?item=find-healthcare-data-and-reports,0,1
/departments/256/services/1260/,/Agencies/health-care-access-and-information-department-of/Agency-Services/file-a-hospital-bill-complaint,0,1
/departments/256/services/1260/,/service/?item=file-a-hospital-bill-complaint,0,1
/departments/256/services/1261/,/Agencies/health-care-access-and-information-department-of/Agency-Services/apply-for-a-seismic-safety-grant,0,1
/departments/256/services/1261/,/service/?item=apply-for-a-seismic-safety-grant,0,1
/departments/257/,/Agencies/systems-integration-office-of,0,0
/departments/257/,/agency/?item=office-of-systems-integration,0,0
/departments/258/,/Agencies/traffic-safety-office-of,0,0
/departments/258/,/agency/?item=office-of-traffic-safety,0,0
/departments/259/,/Agencies/parks-and-recreation-department-of,0,0
/departments/259/,/agency/?item=department-of-parks-and-recreation,0,0
/departments/259/services/49/,/Agencies/parks-and-recreation-department-of/Agency-Services/find-a-state-park,0,1
/departments/259/services/49/,/service/?item=find-a-state-park,0,1
/departments/259/services/50/,/Agencies/parks-and-recreation-department-of/Agency-Services/make-a-camping-reservation,0,1
/departments/259/services/50/,/service/?item=make-a-camping-reservation,0,1
/departments/26/,/Agencies/household-goods-and-services-bureau-of,0,0
/departments/26/,/agency/?item=bureau-of-household-goods-and-services,0,0
/departments/260/,/Agencies/public-employment-relations-board-california,0,0
/departments/260/,/agency/?item=california-public-employment-relations-board,0,0
/departments/262/,/Agencies/peace-officer-standards-and-training-commission-on,0,0
/departments/262/,/agency/?item=commission-on-peace-officer-standards-and-training,0,0
/departments/263/,/Agencies/natural-resources-agency-california,0,0
/departments/263/,/agency/?item=california-natural-resources-agency,0,0
/departments/263/,/agency/?item=natural-resources-agency,1,0
/departments/264/,/Agencies/san-gabriel-and-lower-los-angeles-rivers-and-mountains-conservancy,0,0
/departments/264/,/agency/?item=san-gabriel-and-lower-los-angeles-rivers-and-mountains-conservancy,0,0
/departments/265/,/Agencies/coastal-conservancy-state,0,0
/departments/265/,/agency/?item=state-coastal-conservancy,0,0
/departments/265/services/1234/,/Agencies/coastal-conservancy-state/Agency-Services/coastal-enhancement,0,1
/departments/265/services/1234/,/service/?item=coastal-enhancement,0,1
/departments/266/,/Agencies/developmental-disabilities-state-council-on,0,0
/departments/266/,/agency/?item=state-council-on-developmental-disabilities,0,0
/departments/267/,/Agencies/compensation-insurance-fund-state,0,0
/departments/267/,/agency/?item=state-compensation-insurance-fund,0,0
/departments/268/,/Agencies/controller%27s-office-state,0,0
/departments/268/,/agency/?item=state-controller%27s-office,0,0
/departments/268/services/1147/,/Agencies/controller%27s-office-state/Agency-Services/unclaimed-property-reporting-resources,0,1
/departments/268/services/1147/,/service/?item=unclaimed-property-reporting-resources,0,1
/departments/268/services/13/,/Agencies/controller%27s-office-state/Agency-Services/search-for-unclaimed-property,0,1
/departments/268/services/13/,/service/?item=search-for-unclaimed-property,0,1
/departments/269/,/Agencies/san-diego-river-conservancy,0,0
/departments/269/,/agency/?item=san-diego-river-conservancy,0,0
/departments/269/services/1230/,/Agencies/san-diego-river-conservancy/Agency-Services/apply-to-the-directed-grant-program,0,1
/departments/269/services/1230/,/service/?item=apply-to-the-directed-grant-program,0,1
/departments/270/,/Agencies/senate-california-state,0,0
/departments/270/,/agency/?item=california-state-senate,0,0
/departments/271/,/Agencies/san-joaquin-river-conservancy,0,0
/departments/271/,/agency/?item=san-joaquin-river-conservancy,0,0
/departments/272/,/Agencies/lands-commission-california-state,0,0
/departments/272/,/agency/?item=california-state-lands-commission,0,0
/departments/273/,/Agencies/santa-monica-mountains-conservancy,0,0
/departments/273/,/agency/?item=santa-monica-mountains-conservancy,0,0
/departments/274/,/Agencies/sierra-nevada-conservancy,0,0
/departments/274/,/agency/?item=sierra-nevada-conservancy,0,0
/departments/275/,/Agencies/secretary-of-state,0,0
/departments/275/,/agency/?item=secretary-of-state,0,0
/departments/275/services/55/,/Agencies/secretary-of-state/Agency-Services/form-a-business,0,1
/departments/275/services/55/,/service/?item=apply-for-business-license,1,1
/departments/275/services/55/,/service/?item=form-a-business,0,1
/departments/275/services/56/,/Agencies/secretary-of-state/Agency-Services/get-copies-of-business-entity-documents,0,1
/departments/275/services/56/,/service/?item=get-copies-of-business-entity-documents,0,1
/departments/275/services/57/,/Agencies/secretary-of-state/Agency-Services/register-to-vote,0,1
/departments/275/services/57/,/service/?item=register-to-vote,0,1
/departments/275/services/58/,/Agencies/secretary-of-state/Agency-Services/look-up-my-representatives,0,1
/departments/275/services/58/,/service/?item=look-up-my-representatives,0,1
/departments/277/,/Agencies/personnel-board-state,0,0
/departments/277/,/agency/?item=state-personnel-board,0,0
/departments/278/,/Agencies/seismic-safety-commission,0,0
/departments/278/,/agency/?item=seismic-safety-commission,0,0
/departments/279/,/Agencies/treasurer%27s-office-state,0,0
/departments/279/,/agency/?item=state-treasurer%27s-office,0,0
/departments/28/,/Agencies/landscape-architects-technical-committee,0,0
/departments/28/,/agency/?item=landscape-architects-technical-committee,0,0
/departments/280/,/Agencies/state-water-resources-control-board,0,0
/departments/280/,/agency/?item=state-water-resources-control-board,0,0
/departments/281/,/Agencies/governor%27s-office-of-the-tribal-advisor,0,0
/departments/281/,/agency/?item=governor%27s-office-of-the-tribal-advisor,0,0
/departments/282/,/Agencies/university-of-california,0,0
/departments/282/,/agency/?item=university-of-california,0,0
/departments/282/services/1118/,/Agencies/university-of-california/Agency-Services/find-uc-undocumented-student-resources,0,1
/departments/282/services/1118/,/service/?item=find-uc-undocumented-student-resources,0,1
/departments/284/,/Agencies/wildlife-conservation-board,0,0
/departments/284/,/agency/?item=wildlife-conservation-board,0,0
/departments/287/,/Agencies/tax-and-fee-administration-california-department-of,0,0
/departments/287/,/agency/?item=california-department-of-tax-and-fee-administration,0,0
/departments/287/services/24/,/Agencies/tax-and-fee-administration-california-department-of/Agency-Services/look-up-tax-rates,0,1
/departments/287/services/24/,/service/?item=look-up-tax-rates,0,1
/departments/287/services/25/,/Agencies/tax-and-fee-administration-california-department-of/Agency-Services/register-for-permits%2c-licenses%2c-or-accounts,0,1
/departments/287/services/25/,/service/?item=register-for-permits%2c-licenses%2c-or-accounts,0,1
/departments/287/services/26/,/Agencies/tax-and-fee-administration-california-department-of/Agency-Services/apply-for-a-seller%27s-permit,0,1
/departments/287/services/26/,/service/?item=apply-for-a-seller%27s-permit,0,1
/departments/287/services/26/,/service/?item=apply-for-sellers-permit,1,1
/departments/29/,/Agencies/medical-board-of-california,0,0
/departments/29/,/agency/?item=medical-board-of-california,0,0
/departments/296/,/Agencies/water-commission-california,0,0
/departments/296/,/agency/?item=california-water-commission,0,0
/departments/298/,/Agencies/arbitration-certification-program,0,0
/departments/298/,/agency/?item=arbitration-certification-program,0,0
/departments/299/,/Agencies/contractors-state-license-board,0,0
/departments/299/,/agency/?item=contractors-state-license-board,0,0
/departments/299/services/10/,/Agencies/contractors-state-license-board/Agency-Services/check-contractor-application,0,1
/departments/299/services/10/,/service/?item=check-contractor-application,0,1
/departments/299/services/11/,/Agencies/contractors-state-license-board/Agency-Services/file-complaint-against-contractor,0,1
/departments/299/services/11/,/service/?item=file-complaint-against-contractor,0,1
/departments/299/services/12/,/Agencies/contractors-state-license-board/Agency-Services/look-up-contractor-license,0,1
/departments/299/services/12/,/service/?item=look-up-contractor-license,0,1
/departments/30/,/Agencies/naturopathic-medicine-committee,0,0
/departments/30/,/agency/?item=naturopathic-medicine-committee,0,0
/departments/300/,/Agencies/bureau-of-real-estate-appraisers,0,0
/departments/300/,/agency/?item=bureau-of-real-estate-appraisers,0,0
/departments/300/services/1124/,/Agencies/bureau-of-real-estate-appraisers/Agency-Services/search-for-an-appraiser,0,1
/departments/300/services/1124/,/service/?item=search-for-an-appraiser,0,1
/departments/300/services/1125/,/Agencies/bureau-of-real-estate-appraisers/Agency-Services/renew-appraiser-license,0,1
/departments/300/services/1125/,/service/?item=renew-appraiser-license,0,1
/departments/301/,/Agencies/state-fire-marshal-office-of-the,0,0
/departments/301/,/agency/?item=office-of-the-state-fire-marshal,0,0
/departments/301/services/1246/,/Agencies/state-fire-marshal-office-of-the/Agency-Services/information-bulletins,0,1
/departments/301/services/1246/,/service/?item=information-bulletins,0,1
/departments/301/services/1247/,/Agencies/state-fire-marshal-office-of-the/Agency-Services/california-state-fire-training,0,1
/departments/301/services/1247/,/service/?item=california-state-fire-training,0,1
/departments/301/services/1248/,/Agencies/state-fire-marshal-office-of-the/Agency-Services/govmotus,0,1
/departments/301/services/1248/,/service/?item=govmotus,0,1
/departments/301/services/1249/,/Agencies/state-fire-marshal-office-of-the/Agency-Services/product-recall,0,1
/departments/301/services/1249/,/service/?item=product-recall,0,1
/departments/301/services/1252/,/Agencies/state-fire-marshal-office-of-the/Agency-Services/firewise-usa%c2%ae,0,1
/departments/301/services/1252/,/service/?item=firewise-usa%c2%ae,0,1
/departments/305/,/Agencies/fi%24cal-department-of,0,0
/departments/305/,/agency/?item=department-of-fi%24cal,0,0
/departments/306/,/Agencies/cannabis-control-appeals-panel,0,0
/departments/306/,/agency/?item=cannabis-control-appeals-panel,0,0
/departments/306/services/1145/,/Agencies/cannabis-control-appeals-panel/Agency-Services/review-of-licensing-decisions,0,1
/departments/306/services/1145/,/service/?item=review-of-licensing-decisions,0,1
/departments/306/services/1146/,/Agencies/cannabis-control-appeals-panel/Agency-Services/how-to-begin-the-appeals-process,0,1
/departments/306/services/1146/,/service/?item=how-to-begin-the-appeals-process,0,1
/departments/308/,/Agencies/data-and-innovation-office-of,0,0
/departments/308/,/agency/?item=office-of-data-and-innovation,0,0
/departments/308/,/agency/?item=office-of-digital-innovation,1,0
/departments/31/,/Agencies/occupational-therapy-california-board-of,0,0
/departments/31/,/agency/?item=california-board-of-occupational-therapy,0,0
/departments/314/,/Agencies/energy-infrastructure-safety-office-of,0,0
/departments/314/,/agency/?item=office-of-energy-infrastructure-safety,0,0
/departments/315/,/Agencies/california-privacy-protection-agency,0,0
/departments/315/,/agency/?item=california-privacy-protection-agency,0,0
/departments/315/services/1187/,/Agencies/california-privacy-protection-agency/Agency-Services/submit-complaint-form,0,1
/departments/315/services/1187/,/service/?item=submit-complaint-form,0,1
/departments/317/,/Agencies/state-of-california,0,0
/departments/317/,/agency/?item=state-of-california,0,0
/departments/317/services/1265/,/Agencies/state-of-california/Agency-Services/submit-a-certificate-of-veterinary-inspections,0,1
/departments/317/services/1265/,/service/?item=submit-a-certificate-of-veterinary-inspections,0,1
/departments/317/services/1285/,/Agencies/state-of-california/Agency-Services/request-a-free-california-visitor%27s-guide,0,1
/departments/317/services/1285/,/service/?item=get-a-visitors-guide,1,1
/departments/317/services/1285/,/service/?item=request-a-free-california-visitor%27s-guide,0,1
/departments/317/services/1285/,/service/?item=request-free-california-official-visitor%27s-guide,1,1
/departments/317/services/1286/,/Agencies/state-of-california/Agency-Services/recovery-services-finder,0,1
/departments/317/services/1286/,/service/?item=recovery-services-finder,0,1
/departments/318/,/Agencies/center-for-data-insights-and-innovation,0,0
/departments/318/,/agency/?item=center-for-data-insights-and-innovation,0,0
/departments/32/,/Agencies/optometry-california-state-board-of,0,0
/departments/32/,/agency/?item=california-state-board-of-optometry,0,0
/departments/33/,/Agencies/osteopathic-medical-board-of-california,0,0
/departments/33/,/agency/?item=osteopathic-medical-board-of-california,0,0
/departments/34/,/Agencies/pharmacy-california-state-board-of,0,0
/departments/34/,/agency/?item=california-state-board-of-pharmacy,0,0
/departments/36/,/Agencies/physician-assistant-board,0,0
/departments/36/,/agency/?item=physician-assistant-board,0,0
/departments/37/,/Agencies/podiatric-medical-board-of-california,0,0
/departments/37/,/agency/?item=podiatric-medical-board-of-california,0,0
/departments/38/,/Agencies/engineers-land-surveyors-and-geologists-board-of-professional,0,0
/departments/38/,/agency/?item=board-of-professional-engineers%2c-land-surveyors%2c-and-geologists,0,0
/departments/39/,/Agencies/psychology-board-of,0,0
/departments/39/,/agency/?item=board-of-psychology,0,0
/departments/40/,/Agencies/real-estate-department-of,0,0
/departments/40/,/agency/?item=department-of-real-estate,0,0
/departments/40/services/1130/,/Agencies/real-estate-department-of/Agency-Services/manage-your-real-estate-license,0,1
/departments/40/services/1130/,/service/?item=manage-your-real-estate-license,0,1
/departments/40/services/1131/,/Agencies/real-estate-department-of/Agency-Services/verify-a-real-estate-license,0,1
/departments/40/services/1131/,/service/?item=verify-a-real-estate-license,0,1
/departments/41/,/Agencies/registered-nursing-california-board-of,0,0
/departments/41/,/agency/?item=california-board-of-registered-nursing,0,0
/departments/42/,/Agencies/respiratory-care-board-of-california,0,0
/departments/42/,/agency/?item=respiratory-care-board-of-california,0,0
/departments/43/,/Agencies/speech-language-pathology-and-audiology-and-hearing-aid-dispensers-board,0,0
/departments/43/,/agency/?item=speech-language-pathology-and-audiology-and-hearing-aid-dispensers-board,0,0
/departments/44/,/Agencies/structural-pest-control-board,0,0
/departments/44/,/agency/?item=structural-pest-control-board,0,0
/departments/45/,/Agencies/veterinary-medical-board,0,0
/departments/45/,/agency/?item=veterinary-medical-board,0,0
/departments/46/,/Agencies/vocational-nursing-and-psychiatric-technicians-board-of,0,0
/departments/46/,/agency/?item=board-of-vocational-nursing-and-psychiatric-technicians,0,0
/departments/47/,/Agencies/uniform-construction-cost-accounting-commission-california,0,0
/departments/47/,/agency/?item=california-uniform-construction-cost-accounting-commission,0,0
/departments/48/,/Agencies/juvenile-parole-board,0,0
/departments/48/,/agency/?item=juvenile-parole-board,0,0
/departments/49/,/Agencies/criminal-justice-and-behavioral-health-council-on,0,0
/departments/49/,/agency/?item=council-on-criminal-justice-and-behavioral-health,0,0
/departments/50/,/Agencies/parole-hearings-board-of,0,0
/departments/50/,/agency/?item=board-of-parole-hearings,0,0
/departments/51/,/Agencies/mining-and-geology-board-state,0,0
/departments/51/,/agency/?item=state-mining-and-geology-board,0,0
/departments/52/,/Agencies/education-california-state-board-of,0,0
/departments/52/,/agency/?item=california-state-board-of-education,0,0
/departments/53/,/Agencies/forestry-and-fire-protection-board-of,0,0
/departments/53/,/agency/?item=board-of-forestry-and-fire-protection,0,0
/departments/53/services/1242/,/Agencies/forestry-and-fire-protection-board-of/Agency-Services/registered-professional-forester-examination,0,1
/departments/53/services/1242/,/service/?item=registered-professional-forester-examination,0,1
/departments/54/,/Agencies/gambling-control-commission-california,0,0
/departments/54/,/agency/?item=california-gambling-control-commission,0,0
/departments/55/,/Agencies/allocation-board-state,0,0
/departments/55/,/agency/?item=state-allocation-board,0,0
/departments/56/,/Agencies/building-standards-commission-california,0,0
/departments/56/,/agency/?item=california-building-standards-commission,0,0
/departments/57/,/Agencies/administrative-hearings-office-of,0,0
/departments/57/,/agency/?item=office-of-administrative-hearings,0,0
/departments/60/,/Agencies/citizens-compensation-commission-california,0,0
/departments/60/,/agency/?item=california-citizens-compensation-commission,0,0
/departments/61/,/Agencies/apprenticeship-council-california,0,0
/departments/61/,/agency/?item=california-apprenticeship-council,0,0
/departments/62/,/Agencies/health-and-safety-and-workers%27-compensation-commission-on,0,0
/departments/62/,/agency/?item=commission-on-health-and-safety-and-workers%27-compensation,0,0
/departments/63/,/Agencies/industrial-welfare-commission,0,0
/departments/63/,/agency/?item=industrial-welfare-commission,0,0
/departments/64/,/Agencies/occupational-safety-and-health-appeals-board,0,0
/departments/64/,/agency/?item=occupational-safety-and-health-appeals-board,0,0
/departments/65/,/Agencies/worker%27s-compensation-appeals-board,0,0
/departments/65/,/agency/?item=worker%27s-compensation-appeals-board,0,0
/departments/67/,/Agencies/boating-and-waterways-commission-california,0,0
/departments/67/,/agency/?item=california-boating-and-waterways-commission,0,0
/departments/68/,/Agencies/historical-resources-commission-state,0,0
/departments/68/,/agency/?item=state-historical-resources-commission,0,0
/departments/69/,/Agencies/parks-and-recreation-commission-california-state,0,0
/departments/69/,/agency/?item=california-state-parks-and-recreation-commission,0,0
/departments/71/,/Agencies/water-quality-monitoring-council-california,0,0
/departments/71/,/agency/?item=california-water-quality-monitoring-council,0,0
/departments/72/,/Agencies/new-motor-vehicle-board,0,0
/departments/72/,/agency/?item=new-motor-vehicle-board,0,0
/departments/73/,/Agencies/historical-records-advisory-board-california,0,0
/departments/73/,/agency/?item=california-historical-records-advisory-board,0,0
/departments/74/,/Agencies/alternative-energy-and-advanced-transportation-financing-authority-california,0,0
/departments/74/,/agency/?item=california-alternative-energy-and-advanced-transportation-financing-authority,0,0
/departments/75/,/Agencies/debt-and-investment-advisory-commission-california,0,0
/departments/75/,/agency/?item=california-debt-and-investment-advisory-commission,0,0
/departments/76/,/Agencies/debt-limit-allocation-committee-california,0,0
/departments/76/,/agency/?item=california-debt-limit-allocation-committee,0,0
/departments/77/,/Agencies/educational-facilities-authority-california,0,0
/departments/77/,/agency/?item=california-educational-facilities-authority,0,0
/departments/78/,/Agencies/industrial-development-financing-advisory-commission-california,0,0
/departments/78/,/agency/?item=california-industrial-development-financing-advisory-commission,0,0
/departments/79/,/Agencies/scholarshare-investment-board,0,0
/departments/79/,/agency/?item=scholarshare-investment-board,0,0
/departments/81/,/Agencies/disabled-veterans-business-enterprise-advisory-council,0,0
/departments/81/,/agency/?item=disabled-veterans-business-enterprise-advisory-council,0,0
/departments/82/,/Agencies/veterans-board-california,0,0
/departments/82/,/agency/?item=california-veterans-board,0,0
/departments/89/,/Agencies/human-resources-department-of,0,0
/departments/89/,/agency/?item=department-of-human-resources,0,0
/departments/89/services/1189/,/Agencies/human-resources-department-of/Agency-Services/find-recruitment-events-%26-resources,0,1
/departments/89/services/1189/,/service/?item=find-recruitment-events-%26-resources,0,1
/departments/89/services/1190/,/Agencies/human-resources-department-of/Agency-Services/learn-about-your-state-employee-benefits,0,1
/departments/89/services/1190/,/service/?item=learn-about-your-state-employee-benefits,0,1
/departments/89/services/1191/,/Agencies/human-resources-department-of/Agency-Services/start-saving-for-retirement-today,0,1
/departments/89/services/1191/,/service/?item=start-saving-for-retirement-today,0,1
/departments/89/services/1195/,/Agencies/human-resources-department-of/Agency-Services/create-a-calcareer-account,0,1
/departments/89/services/1195/,/service/?item=create-a-calcareer-account,0,1
/departments/89/services/1213/,/Agencies/human-resources-department-of/Agency-Services/search-for-an-exam,0,1
/departments/89/services/1213/,/service/?item=search-for-an-exam,0,1
/departments/89/services/39/,/Agencies/human-resources-department-of/Agency-Services/find-a-ca-state-job,0,1
/departments/89/services/39/,/service/?item=find-a-ca-state-job,0,1
/departments/91/,/Agencies/industrial-relations-department-of,0,0
/departments/91/,/agency/?item=department-of-industrial-relations,0,0
/departments/91/services/1206/,/Agencies/industrial-relations-department-of/Agency-Services/find-an-apprenticeship,0,1
/departments/91/services/1206/,/service/?item=find-an-apprenticeship,0,1
/departments/91/services/1208/,/Agencies/industrial-relations-department-of/Agency-Services/certified-payroll-reporting,0,1
/departments/91/services/1208/,/service/?item=certified-payroll-reporting,0,1
/departments/91/services/1224/,/Agencies/industrial-relations-department-of/Agency-Services/california-paid-sick-leave-(psl),0,1
/departments/91/services/1224/,/service/?item=california-paid-sick-leave-(psl),0,1
/departments/91/services/1279/,/Agencies/industrial-relations-department-of/Agency-Services/worker-safety-wildfire-cleanup-and-rebuilding,0,1
/departments/91/services/1279/,/service/?item=worker-safety-wildfire-cleanup-and-rebuilding,0,1
/departments/91/services/1280/,/Agencies/industrial-relations-department-of/Agency-Services/worker-rights-and-employer-responsibilities,0,1
/departments/91/services/1280/,/service/?item=worker-rights-and-employer-responsibilities,0,1
/departments/94/,/Agencies/security-and-investigative-services-bureau-of,0,0
/departments/94/,/agency/?item=bureau-of-security-and-investigation-services,1,0
/departments/94/,/agency/?item=bureau-of-security-and-investigative-services,0,0
/departments/95/,/Agencies/cemetery-and-funeral-bureau,0,0
/departments/95/,/agency/?item=cemetery-and-funeral-bureau,0,0
/departments/96/,/Agencies/private-and-postsecondary-education-bureau-for,0,0
/departments/96/,/agency/?item=bureau-for-private-and-postsecondary-education,0,0
/departments/98/,/Agencies/physical-therapy-board-of-california,0,0
/departments/98/,/agency/?item=physical-therapy-board-of-california,0,0
/departments/99/,/Agencies/professional-fiduciaries-bureau,0,0
/departments/99/,/agency/?item=professional-fiduciaries-bureau,0,0